zone_id,zone_name,zone_type,commercial_signal,observed_business_mix,evidence,field_use
Z01,شارع العدين,main_commercial_corridor,مرتفع,ملابس؛هواتف؛إلكترونيات؛طاقة شمسية؛توابل؛صيدليات؛خدمات,استكشاف خرائط وأدلة أعمال عامة مع عقد سوقية قريبة,نقطة جمع ميداني أولى
Z02,شارع تعز,main_commercial_corridor,مرتفع,مراكز تسوق؛ملابس؛عطور؛بقالة؛مطاعم,استكشاف خرائط وأدلة أعمال عامة,جمع ميداني للواجهات والمجمعات
Z03,شارع المحافظة والقلب المركزي,central_core,مرتفع,تجزئة؛كمبيوتر؛مطاعم؛خدمات؛مال وأعمال,دليل أعمال عام وموقع مركزي,عينة متنوعة من القطاعات
Z04,سوق الظهار والسوق المركزي,market_cluster,مرتفع,سوق؛بقالة؛صيدليات؛تجزئة,OSM/Mapcarta ومصادر عامة,جمع المنتجات والأسعار بعد موافقة التجار
Z05,خط الجامعة/شارع الجامعة,commercial_corridor,متوسط-مرتفع,سوبرماركت؛مطاعم ومقاهٍ؛خدمات طلابية,خرائط وأدلة أعمال عامة,اختبار السلع اليومية والإلكترونيات
Z06,الدائري الغربي/مفرق جبلة,connector_hub,متوسط-مرتفع,مراكز تسوق؛بقالة؛توابل؛خدمات,خرائط وأدلة عامة,اختبار البحث بالقرب من الموقع
Z07,مثلث المنصوب,wholesale_retail_node,متوسط-مرتفع,جملة غذائية؛سوبرماركت؛تجزئة,أدلة أعمال عامة,جمع أسعار الجملة والتجزئة
Z08,السبل,commercial_area,متوسط,إلكترونيات؛طاقة شمسية؛خدمات,أدلة أعمال عامة,عينة قطاعية للطاقة والإلكترونيات
Z09,ميتم/شارع ميتم,local_market_node,متوسط,سوق غذائي؛مواد بناء؛هواتف؛حلويات,خرائط وأدلة عامة ومصادر الأسواق الأسبوعية,ربط المدينة بشبكة الأسواق
Z10,السائلة,commercial_residential_edge,متوسط,عقار تجاري وتجزئة,مصادر محلية وعروض تجارية,تثبيت المواقع الجديدة ميدانيًا
Z11,شارع الخنساء,service_corridor,متوسط,قطع غيار سيارات؛ورش وخدمات,خرائط وأدلة عامة,عينة قطاع السيارات
Z12,حي المشنة/خميشع,neighborhood_cluster,منخفض-متوسط,نشاط محلي داخل الأحياء,مصادر جغرافية وصور Wikimedia,تحديد العقد التجارية على الأرض
